Blender,https://plus.unsplash.com/premium_photo-1718043036199-d98bef36af46?q=80&w=687&auto=format&fit=crop&ixlib=rb-4.1.0&ixid=M3wxMjA3fDB8MHxwaG90by1wYWdlfHx8fGVufDB8fHx8fA%3D%3D
Blender,https://images.unsplash.com/photo-1512203864638-f6cbb3cca374?q=80&w=687&auto=format&fit=crop&ixlib=rb-4.1.0&ixid=M3wxMjA3fDB8MHxwaG90by1wYWdlfHx8fGVufDB8fHx8fA%3D%3D
Blender,https://plus.unsplash.com/premium_photo-1664648063387-7085d7de1b8a?q=80&w=687&auto=format&fit=crop&ixlib=rb-4.1.0&ixid=M3wxMjA3fDB8MHxwaG90by1wYWdlfHx8fGVufDB8fHx8fA%3D%3D
Airfryer,https://plus.unsplash.com/premium_photo-1672192166833-c8ae84e5e127?q=80&w=774&auto=format&fit=crop&ixlib=rb-4.1.0&ixid=M3wxMjA3fDB8MHxwaG90by1wYWdlfHx8fGVufDB8fHx8fA%3D%3D
Airfryer,https://plus.unsplash.com/premium_photo-1672192166376-80b36e85cdb3?q=80&w=735&auto=format&fit=crop&ixlib=rb-4.1.0&ixid=M3wxMjA3fDB8MHxwaG90by1wYWdlfHx8fGVufDB8fHx8fA%3D%3D
Airfryer,https://images.unsplash.com/photo-1695089028114-ce28248f0ab9?q=80&w=687&auto=format&fit=crop&ixlib=rb-4.1.0&ixid=M3wxMjA3fDB8MHxwaG90by1wYWdlfHx8fGVufDB8fHx8fA%3D%3D
Airfryer,https://plus.unsplash.com/premium_photo-1711725196376-9f1bb3db3093?q=80&w=869&auto=format&fit=crop&ixlib=rb-4.1.0&ixid=M3wxMjA3fDB8MHxwaG90by1wYWdlfHx8fGVufDB8fHx8fA%3D%3D
Airfryer,https://plus.unsplash.com/premium_photo-1711684802435-b012fcadef26?q=80&w=869&auto=format&fit=crop&ixlib=rb-4.1.0&ixid=M3wxMjA3fDB8MHxwaG90by1wYWdlfHx8fGVufDB8fHx8fA%3D%3D
Airfryer,https://plus.unsplash.com/premium_photo-1711477326406-2b53375330f7?q=80&w=688&auto=format&fit=crop&ixlib=rb-4.1.0&ixid=M3wxMjA3fDB8MHxwaG90by1wYWdlfHx8fGVufDB8fHx8fA%3D%3D
Microwave,https://images.unsplash.com/photo-1585659722983-3a675dabf23d?q=80&w=870&auto=format&fit=crop&ixlib=rb-4.1.0&ixid=M3wxMjA3fDB8MHxwaG90by1wYWdlfHx8fGVufDB8fHx8fA%3D%3D
Toaster,https://plus.unsplash.com/premium_photo-1667238579781-cb4bd6126ffd?q=80&w=711&auto=format&fit=crop&ixlib=rb-4.1.0&ixid=M3wxMjA3fDB8MHxwaG90by1wYWdlfHx8fGVufDB8fHx8fA%3D%3D
Toaster,https://plus.unsplash.com/premium_photo-1718559007272-26a72b83fdcc?q=80&w=687&auto=format&fit=crop&ixlib=rb-4.1.0&ixid=M3wxMjA3fDB8MHxwaG90by1wYWdlfHx8fGVufDB8fHx8fA%3D%3D
Toaster,https://plus.unsplash.com/premium_photo-1719452894874-3da9fa3b882c?q=80&w=870&auto=format&fit=crop&ixlib=rb-4.1.0&ixid=M3wxMjA3fDB8MHxwaG90by1wYWdlfHx8fGVufDB8fHx8fA%3D%3D
Toaster,https://plus.unsplash.com/premium_photo-1719521337950-dc2cc985f197?q=80&w=687&auto=format&fit=crop&ixlib=rb-4.1.0&ixid=M3wxMjA3fDB8MHxwaG90by1wYWdlfHx8fGVufDB8fHx8fA%3D%3D
Toaster,https://plus.unsplash.com/premium_photo-1731906969164-81f2e1d3936e?q=80&w=943&auto=format&fit=crop&ixlib=rb-4.1.0&ixid=M3wxMjA3fDB8MHxwaG90by1wYWdlfHx8fGVufDB8fHx8fA%3D%3D
Cofee Machine,https://images.unsplash.com/photo-1608354580875-30bd4168b351?q=80&w=687&auto=format&fit=crop&ixlib=rb-4.1.0&ixid=M3wxMjA3fDB8MHxwaG90by1wYWdlfHx8fGVufDB8fHx8fA%3D%3D
Cofee Machine,https://images.unsplash.com/photo-1637029436347-e33bf98a5412?q=80&w=880&auto=format&fit=crop&ixlib=rb-4.1.0&ixid=M3wxMjA3fDB8MHxwaG90by1wYWdlfHx8fGVufDB8fHx8fA%3D%3D
Cofee Machine,https://images.unsplash.com/photo-1637029680169-8304d6a10816?q=80&w=880&auto=format&fit=crop&ixlib=rb-4.1.0&ixid=M3wxMjA3fDB8MHxwaG90by1wYWdlfHx8fGVufDB8fHx8fA%3D%3D
Mixer,https://plus.unsplash.com/premium_photo-1718186096304-e8a0be862bc7?q=80&w=687&auto=format&fit=crop&ixlib=rb-4.1.0&ixid=M3wxMjA3fDB8MHxwaG90by1wYWdlfHx8fGVufDB8fHx8fA%3D%3D
Mixer,https://images.unsplash.com/photo-1583241475880-083f84372725?q=80&w=880&auto=format&fit=crop&ixlib=rb-4.1.0&ixid=M3wxMjA3fDB8MHxwaG90by1wYWdlfHx8fGVufDB8fHx8fA%3D%3D
Mixer,https://images.unsplash.com/photo-1631545086981-30550f1ab63a?q=80&w=687&auto=format&fit=crop&ixlib=rb-4.1.0&ixid=M3wxMjA3fDB8MHxwaG90by1wYWdlfHx8fGVufDB8fHx8fA%3D%3D
Mixer,https://plus.unsplash.com/premium_photo-1718186096324-474ac487bcc3?q=80&w=839&auto=format&fit=crop&ixlib=rb-4.1.0&ixid=M3wxMjA3fDB8MHxwaG90by1wYWdlfHx8fGVufDB8fHx8fA%3D%3D
Mixer,https://plus.unsplash.com/premium_photo-1718186096302-097ad71d8939?q=80&w=655&auto=format&fit=crop&ixlib=rb-4.1.0&ixid=M3wxMjA3fDB8MHxwaG90by1wYWdlfHx8fGVufDB8fHx8fA%3D%3D
Mixer,https://images.unsplash.com/photo-1595644258096-69155da290fd?q=80&w=869&auto=format&fit=crop&ixlib=rb-4.1.0&ixid=M3wxMjA3fDB8MHxwaG90by1wYWdlfHx8fGVufDB8fHx8fA%3D%3D