Jacket,https://images.unsplash.com/photo-1591047139829-d91aecb6caea?q=80&w=736&auto=format&fit=crop&ixlib=rb-4.1.0&ixid=M3wxMjA3fDB8MHxwaG90by1wYWdlfHx8fGVufDB8fHx8fA%3D%3D
Jacket,https://images.unsplash.com/photo-1611312449408-fcece27cdbb7?q=80&w=669&auto=format&fit=crop&ixlib=rb-4.1.0&ixid=M3wxMjA3fDB8MHxwaG90by1wYWdlfHx8fGVufDB8fHx8fA%3D%3D
Jacket,https://images.unsplash.com/photo-1727515546577-f7d82a47b51d?q=80&w=736&auto=format&fit=crop&ixlib=rb-4.1.0&ixid=M3wxMjA3fDB8MHxwaG90by1wYWdlfHx8fGVufDB8fHx8fA%3D%3D
Jacket,https://images.unsplash.com/photo-1649937408746-4d2f603f91c8?q=80&w=926&auto=format&fit=crop&ixlib=rb-4.1.0&ixid=M3wxMjA3fDB8MHxwaG90by1wYWdlfHx8fGVufDB8fHx8fA%3D%3D
Shirt,https://images.unsplash.com/photo-1581655353564-df123a1eb820?q=80&w=687&auto=format&fit=crop&ixlib=rb-4.1.0&ixid=M3wxMjA3fDB8MHxwaG90by1wYWdlfHx8fGVufDB8fHx8fA%3D%3D
Shirt,https://images.unsplash.com/photo-1618354691373-d851c5c3a990?q=80&w=715&auto=format&fit=crop&ixlib=rb-4.1.0&ixid=M3wxMjA3fDB8MHxwaG90by1wYWdlfHx8fGVufDB8fHx8fA%3D%3D
Shirt,https://images.unsplash.com/photo-1596755094514-f87e34085b2c?q=80&w=688&auto=format&fit=crop&ixlib=rb-4.1.0&ixid=M3wxMjA3fDB8MHxwaG90by1wYWdlfHx8fGVufDB8fHx8fA%3D%3D
Shirt,https://images.unsplash.com/photo-1583743814966-8936f5b7be1a?q=80&w=687&auto=format&fit=crop&ixlib=rb-4.1.0&ixid=M3wxMjA3fDB8MHxwaG90by1wYWdlfHx8fGVufDB8fHx8fA%3D%3D
Shirt,https://images.unsplash.com/photo-1576566588028-4147f3842f27?q=80&w=764&auto=format&fit=crop&ixlib=rb-4.1.0&ixid=M3wxMjA3fDB8MHxwaG90by1wYWdlfHx8fGVufDB8fHx8fA%3D%3D
Shirt,https://images.unsplash.com/photo-1621773881532-fe65715b5137?q=80&w=627&auto=format&fit=crop&ixlib=rb-4.1.0&ixid=M3wxMjA3fDB8MHxwaG90by1wYWdlfHx8fGVufDB8fHx8fA%3D%3D
Pants,https://images.unsplash.com/photo-1624378439575-d8705ad7ae80?q=80&w=697&auto=format&fit=crop&ixlib=rb-4.1.0&ixid=M3wxMjA3fDB8MHxwaG90by1wYWdlfHx8fGVufDB8fHx8fA%3D%3D
Pants,https://images.unsplash.com/photo-1718252540617-6ecda2b56b57?q=80&w=880&auto=format&fit=crop&ixlib=rb-4.1.0&ixid=M3wxMjA3fDB8MHxwaG90by1wYWdlfHx8fGVufDB8fHx8fA%3D%3D
Pants,https://images.unsplash.com/photo-1542272604-787c3835535d?q=80&w=726&auto=format&fit=crop&ixlib=rb-4.1.0&ixid=M3wxMjA3fDB8MHxwaG90by1wYWdlfHx8fGVufDB8fHx8fA%3D%3D
Pants,https://images.unsplash.com/photo-1718252540558-7b383b52642e?q=80&w=880&auto=format&fit=crop&ixlib=rb-4.1.0&ixid=M3wxMjA3fDB8MHxwaG90by1wYWdlfHx8fGVufDB8fHx8fA%3D%3D
Pants,https://images.unsplash.com/photo-1714143136372-ddaf8b606da7?q=80&w=880&auto=format&fit=crop&ixlib=rb-4.1.0&ixid=M3wxMjA3fDB8MHxwaG90by1wYWdlfHx8fGVufDB8fHx8fA%3D%3D
Shoes,https://images.unsplash.com/photo-1543508282-6319a3e2621f?q=80&w=715&auto=format&fit=crop&ixlib=rb-4.1.0&ixid=M3wxMjA3fDB8MHxwaG90by1wYWdlfHx8fGVufDB8fHx8fA%3D%3D
Shoes,https://plus.unsplash.com/premium_photo-1663100769321-9eb8fe5a8e6b?q=80&w=872&auto=format&fit=crop&ixlib=rb-4.1.0&ixid=M3wxMjA3fDB8MHxwaG90by1wYWdlfHx8fGVufDB8fHx8fA%3D%3D
Shoes,https://images.unsplash.com/photo-1610398752800-146f269dfcc8?q=80&w=687&auto=format&fit=crop&ixlib=rb-4.1.0&ixid=M3wxMjA3fDB8MHxwaG90by1wYWdlfHx8fGVufDB8fHx8fA%3D%3D
Shoes,https://images.unsplash.com/photo-1618615098938-84fc29796e76?q=80&w=688&auto=format&fit=crop&ixlib=rb-4.1.0&ixid=M3wxMjA3fDB8MHxwaG90by1wYWdlfHx8fGVufDB8fHx8fA%3D%3D
Shoes,https://images.unsplash.com/photo-1603487742131-4160ec999306?q=80&w=687&auto=format&fit=crop&ixlib=rb-4.1.0&ixid=M3wxMjA3fDB8MHxwaG90by1wYWdlfHx8fGVufDB8fHx8fA%3D%3D
Hats,https://images.unsplash.com/photo-1556306535-0f09a537f0a3?q=80&w=870&auto=format&fit=crop&ixlib=rb-4.1.0&ixid=M3wxMjA3fDB8MHxwaG90by1wYWdlfHx8fGVufDB8fHx8fA%3D%3D
Hats,https://images.unsplash.com/photo-1576871337632-b9aef4c17ab9?q=80&w=687&auto=format&fit=crop&ixlib=rb-4.1.0&ixid=M3wxMjA3fDB8MHxwaG90by1wYWdlfHx8fGVufDB8fHx8fA%3D%3D
Hats,https://images.unsplash.com/photo-1648483092137-6e63796c8b06?q=80&w=765&auto=format&fit=crop&ixlib=rb-4.1.0&ixid=M3wxMjA3fDB8MHxwaG90by1wYWdlfHx8fGVufDB8fHx8fA%3D%3D
Hats,https://images.unsplash.com/photo-1521369909029-2afed882baee?q=80&w=870&auto=format&fit=crop&ixlib=rb-4.1.0&ixid=M3wxMjA3fDB8MHxwaG90by1wYWdlfHx8fGVufDB8fHx8fA%3D%3D