Couch,https://live.staticflickr.com/65535/52349377453_13583b7e66_b.jpg
Couch,https://live.staticflickr.com/7343/10146194354_a05e6bfc76_b.jpg
Couch,https://upload.wikimedia.org/wikipedia/commons/1/13/Couch_in_a_lounge_area_of_a_mall.jpg
Couch,https://upload.wikimedia.org/wikipedia/commons/c/c4/American_empire_style_sofa%2C_c._1820-30%2C_wood%2C_mahogany_veneer_and_brocade_upholstery%2C_Dayton_Art_Institute.JPG
Couch,https://cdn.stocksnap.io/img-thumbs/960w/TQNWBTLHLY.jpg
Couch,https://cdn.stocksnap.io/img-thumbs/960w/WDVIQZEXML.jpg
Couch,https://live.staticflickr.com/65535/48307758097_7669b723f7_b.jpg
Couch,https://cdn.stocksnap.io/img-thumbs/960w/WP7CVEDSVY.jpg
Couch,https://cdn.stocksnap.io/img-thumbs/960w/ZZ1IHRDEML.jpg
Drawer,https://upload.wikimedia.org/wikipedia/commons/1/10/Chest_of_drawers_MET_2001.644.jpg
Drawer,https://live.staticflickr.com/17/21792490_0dd9ad11a4_b.jpg
Drawer,https://live.staticflickr.com/3088/3160889932_3280b8f0eb_b.jpg
Dinner Table,https://upload.wikimedia.org/wikipedia/commons/3/3a/Dinner_table_side_pine_wood_large_table.png
Dinner Table,https://cdn.pixabay.com/photo/2017/03/28/12/11/chairs-2181960_960_720.jpg
Dinner Table,https://cdn.pixabay.com/photo/2017/03/28/12/13/chairs-2181968_960_720.jpg
Dinner Table,https://cdn.pixabay.com/photo/2018/01/26/08/15/dining-room-3108037_960_720.jpg
Desk,https://cdn.pixabay.com/photo/2020/08/25/18/28/workplace-5517744_960_720.jpg
Desk,https://cdn.pixabay.com/photo/2017/08/06/01/49/table-2587598_960_720.jpg
Desk,https://cdn.pixabay.com/photo/2017/11/07/13/41/mockup-2926963_960_720.jpg
Lamp,https://cdn.pixabay.com/photo/2019/03/23/21/24/lamp-4076380_960_720.jpg
Lamp,https://cdn.pixabay.com/photo/2016/09/11/17/36/retro-lampshade-1662061_960_720.jpg
Lamp,https://images.unsplash.com/photo-1507473885765-e6ed057f782c?q=80&w=687&auto=format&fit=crop&ixlib=rb-4.1.0&ixid=M3wxMjA3fDB8MHxwaG90by1wYWdlfHx8fGVufDB8fHx8fA%3D%3D
Lamp,https://images.unsplash.com/photo-1621177555630-b861919c864f?q=80&w=687&auto=format&fit=crop&ixlib=rb-4.1.0&ixid=M3wxMjA3fDB8MHxwaG90by1wYWdlfHx8fGVufDB8fHx8fA%3D%3D
Lamp,https://images.unsplash.com/photo-1580130281320-0ef0754f2bf7?q=80&w=880&auto=format&fit=crop&ixlib=rb-4.1.0&ixid=M3wxMjA3fDB8MHxwaG90by1wYWdlfHx8fGVufDB8fHx8fA%3D%3D