Television, https://images.unsplash.com/photo-1593359677879-a4bb92f829d1?q=80&w=870&auto=format&fit=crop&ixlib=rb-4.1.0&ixid=M3wxMjA3fDB8MHxwaG90by1wYWdlfHx8fGVufDB8fHx8fA%3D%3D
Television,https://images.unsplash.com/photo-1461151304267-38535e780c79?q=80&w=1033&auto=format&fit=crop&ixlib=rb-4.1.0&ixid=M3wxMjA3fDB8MHxwaG90by1wYWdlfHx8fGVufDB8fHx8fA%3D%3D
Television,https://images.unsplash.com/photo-1601944177325-f8867652837f?q=80&w=877&auto=format&fit=crop&ixlib=rb-4.1.0&ixid=M3wxMjA3fDB8MHxwaG90by1wYWdlfHx8fGVufDB8fHx8fA%3D%3D
Television,https://images.unsplash.com/photo-1615210230840-69c07c13b4d1?q=80&w=870&auto=format&fit=crop&ixlib=rb-4.1.0&ixid=M3wxMjA3fDB8MHxwaG90by1wYWdlfHx8fGVufDB8fHx8fA%3D%3D
Television,https://images.unsplash.com/photo-1567690187548-f07b1d7bf5a9?q=80&w=736&auto=format&fit=crop&ixlib=rb-4.1.0&ixid=M3wxMjA3fDB8MHxwaG90by1wYWdlfHx8fGVufDB8fHx8fA%3D%3D
Television,https://images.unsplash.com/photo-1558888401-3cc1de77652d?q=80&w=764&auto=format&fit=crop&ixlib=rb-4.1.0&ixid=M3wxMjA3fDB8MHxwaG90by1wYWdlfHx8fGVufDB8fHx8fA%3D%3D
Television,https://images.unsplash.com/photo-1758577515339-93872db0d37e?q=80&w=774&auto=format&fit=crop&ixlib=rb-4.1.0&ixid=M3wxMjA3fDB8MHxwaG90by1wYWdlfHx8fGVufDB8fHx8fA%3D%3D
Phone,https://images.unsplash.com/photo-1511707171634-5f897ff02aa9?q=80&w=880&auto=format&fit=crop&ixlib=rb-4.1.0&ixid=M3wxMjA3fDB8MHxwaG90by1wYWdlfHx8fGVufDB8fHx8fA%3D%3D
Phone,https://images.unsplash.com/photo-1580910051074-3eb694886505?q=80&w=765&auto=format&fit=crop&ixlib=rb-4.1.0&ixid=M3wxMjA3fDB8MHxwaG90by1wYWdlfHx8fGVufDB8fHx8fA%3D%3D
Phone,https://images.unsplash.com/photo-1507955987999-df4864ee80d4?q=80&w=871&auto=format&fit=crop&ixlib=rb-4.1.0&ixid=M3wxMjA3fDB8MHxwaG90by1wYWdlfHx8fGVufDB8fHx8fA%3D%3D
Phone,https://images.unsplash.com/photo-1498582801152-3ebe4158143e?q=80&w=880&auto=format&fit=crop&ixlib=rb-4.1.0&ixid=M3wxMjA3fDB8MHxwaG90by1wYWdlfHx8fGVufDB8fHx8fA%3D%3D
Phone,https://images.unsplash.com/photo-1614767464536-ef5e19dea739?q=80&w=736&auto=format&fit=crop&ixlib=rb-4.1.0&ixid=M3wxMjA3fDB8MHxwaG90by1wYWdlfHx8fGVufDB8fHx8fA%3D%3D
Phone,https://images.unsplash.com/photo-1721864428894-3900930506aa?q=80&w=774&auto=format&fit=crop&ixlib=rb-4.1.0&ixid=M3wxMjA3fDB8MHxwaG90by1wYWdlfHx8fGVufDB8fHx8fA%3D%3D
Phone,https://images.unsplash.com/photo-1687168582375-097293b91c04?q=80&w=869&auto=format&fit=crop&ixlib=rb-4.1.0&ixid=M3wxMjA3fDB8MHxwaG90by1wYWdlfHx8fGVufDB8fHx8fA%3D%3D
Watch,https://images.unsplash.com/photo-1650811518721-c7adbfe08035?q=80&w=871&auto=format&fit=crop&ixlib=rb-4.1.0&ixid=M3wxMjA3fDB8MHxwaG90by1wYWdlfHx8fGVufDB8fHx8fA%3D%3D
Watch,https://images.unsplash.com/photo-1631863552122-3072cf599a46?q=80&w=627&auto=format&fit=crop&ixlib=rb-4.1.0&ixid=M3wxMjA3fDB8MHxwaG90by1wYWdlfHx8fGVufDB8fHx8fA%3D%3D
Watch,https://images.unsplash.com/photo-1575311373937-040b8e1fd5b6?q=80&w=888&auto=format&fit=crop&ixlib=rb-4.1.0&ixid=M3wxMjA3fDB8MHxwaG90by1wYWdlfHx8fGVufDB8fHx8fA%3D%3D
Watch,https://images.unsplash.com/photo-1569411032431-07598b0012c2?q=80&w=735&auto=format&fit=crop&ixlib=rb-4.1.0&ixid=M3wxMjA3fDB8MHxwaG90by1wYWdlfHx8fGVufDB8fHx8fA%3D%3D
Watch,https://images.unsplash.com/photo-1640941188796-e9d489baa652?q=80&w=687&auto=format&fit=crop&ixlib=rb-4.1.0&ixid=M3wxMjA3fDB8MHxwaG90by1wYWdlfHx8fGVufDB8fHx8fA%3D%3D
Projector,https://images.unsplash.com/photo-1589113050289-1c654e7e305d?q=80&w=870&auto=format&fit=crop&ixlib=rb-4.1.0&ixid=M3wxMjA3fDB8MHxwaG90by1wYWdlfHx8fGVufDB8fHx8fA%3D%3D
Projector,https://images.unsplash.com/photo-1637656358738-3fcfacb63559?q=80&w=870&auto=format&fit=crop&ixlib=rb-4.1.0&ixid=M3wxMjA3fDB8MHxwaG90by1wYWdlfHx8fGVufDB8fHx8fA%3D%3D
Projector,https://images.unsplash.com/photo-1644586195587-4c376c041f08?q=80&w=876&auto=format&fit=crop&ixlib=rb-4.1.0&ixid=M3wxMjA3fDB8MHxwaG90by1wYWdlfHx8fGVufDB8fHx8fA%3D%3D
Security Camera,https://images.unsplash.com/photo-1549109926-58f039549485?q=80&w=870&auto=format&fit=crop&ixlib=rb-4.1.0&ixid=M3wxMjA3fDB8MHxwaG90by1wYWdlfHx8fGVufDB8fHx8fA%3D%3D
Projector,https://images.unsplash.com/photo-1721333091853-059922f4988b?q=80&w=735&auto=format&fit=crop&ixlib=rb-4.1.0&ixid=M3wxMjA3fDB8MHxwaG90by1wYWdlfHx8fGVufDB8fHx8fA%3D%3D